,simulation_time,communication_status
0,1.089715079826,FREE
1,1.111610257695,FREE
2,1.148649220402,FREE
3,1.278608933441,FREE
4,1.473341200074,FREE
5,1.493149416461,FREE
6,1.50844139079,FREE
7,1.605859845421,FREE
8,1.66880965199,FREE
9,1.670373863435,FREE
10,1.685645339796,FREE
11,1.875312558221,FREE
12,1.903356413499,FREE
13,2.235151198055,FREE
14,2.340445495593,FREE
15,2.472682653341,FREE
16,2.647751243745,FREE
17,2.737254969084,FREE
18,2.755908294566,FREE
19,2.771690299924,FREE
20,2.80961418772,FREE
21,2.859256742484,FREE
22,2.880615816346,FREE
23,3.159405520943,FREE
24,3.446630621463,FREE
25,3.480356607248,FREE
26,3.622171997218,FREE
27,3.734869701582,FREE
28,3.766726686228,FREE
29,4.009177934376,FREE
30,4.068044334457,FREE
31,4.105073951013,FREE
32,4.422276390233,FREE
33,4.447742374379,FREE
34,4.622809829476,FREE
35,4.7322445691579995,FREE
36,4.8354166911459995,FREE
37,5.003304667741,FREE
38,5.048358277253,FREE
39,5.0977710070299995,FREE
40,5.237823417548,FREE
41,5.345099407003,FREE
42,5.47105272684,FREE
43,5.578699455625,FREE
44,5.610367966312,FREE
45,5.694337655156,FREE
46,5.732173799908,FREE
47,5.831206968789,FREE
48,5.832899241239,FREE
49,5.897171476354,FREE
50,5.905290475664,FREE
51,6.08032787511,FREE
52,6.15479846993,FREE
53,6.369866649846,FREE
54,6.374820311054,FREE
55,6.620521304034,FREE
56,6.630249383632,FREE
57,6.704733997193,FREE
58,6.8616669287539995,FREE
59,6.86708268089,FREE
60,7.264277692658,FREE
61,7.371431330781,FREE
62,7.375238745112,FREE
63,7.415358483984,FREE
64,7.497675101497,FREE
65,7.699209473364,FREE
66,7.717361198034999,FREE
67,7.791010895961,FREE
68,7.8823213981619995,FREE
69,8.132024173553999,FREE
70,8.133936493854,FREE
71,8.346357561708,FREE
72,8.479389097669,FREE
73,8.633351920461,FREE
74,8.648156069601,FREE
75,8.664454540028,FREE
76,8.687658786751,FREE
77,8.997506171407,FREE
78,9.062663573559,FREE
79,9.175377066542,FREE
80,9.303005998993,FREE
81,9.385246250772,FREE
82,9.39271540977,FREE
83,9.52148068326,FREE
84,9.635224851018,FREE
85,9.801271883552,FREE
86,9.887960577373,FREE
87,10.033093066178,FREE
88,10.176074900509,FREE
89,10.235868101911,FREE
90,10.407063613962,FREE
91,10.621820605998,FREE
92,10.72254131161,FREE
93,10.777406423587,FREE
94,10.970474289449,FREE
95,10.978399345942,FREE
96,11.125135547348,FREE
97,11.217279304275,FREE
98,11.222108946253,FREE
99,11.457609984849,FREE
100,11.524773347439,FREE
101,11.527437570355,FREE
102,11.730803725665,FREE
103,11.967363177205,FREE
104,12.01241017863,FREE
105,12.079727561167,FREE
106,12.172793128506,FREE
107,12.204131384261,FREE
108,12.206757710213,FREE
109,12.338383833014,FREE
110,12.453181824526,FREE
111,12.520086962958,FREE
112,12.630440261249,FREE
113,12.826172532206,FREE
114,12.891274176022,FREE
115,12.972217963627,FREE
116,13.025879655574,FREE
117,13.26841183933,FREE
118,13.446461502326,FREE
119,13.476193231607,FREE
120,13.557643934070999,FREE
121,13.642229531587,FREE
122,13.680375162597,FREE
123,13.794871021560999,FREE
124,13.831785048755,FREE
125,13.857747159188,FREE
126,13.945329477308,FREE
127,14.112354725582,FREE
128,14.242297392111,FREE
129,14.430056724453,FREE
130,14.454405850645,FREE
131,14.489243086825999,FREE
132,14.565909329314,FREE
133,14.58737664758,FREE
134,14.649400468356,FREE
135,14.692606399403,FREE
136,14.739983101887999,FREE
137,14.952435633743999,FREE
138,14.958590222698,FREE
139,15.232322552386,FREE
140,15.247488195696,FREE
141,15.319688137745,FREE
142,15.332394295618,FREE
143,15.656945385739,FREE
144,15.673602495295,FREE
145,15.889165848532,FREE
146,15.977065940646,FREE
147,16.019761819713,FREE
148,16.024197904929,FREE
149,16.217340547265998,FREE
150,16.224985042057998,FREE
151,16.3296067765,FREE
152,16.339598149362,FREE
153,16.40774615013,FREE
154,16.738843557413,FREE
155,16.755049709639998,FREE
156,16.963110148591,FREE
157,17.040363663126,FREE
158,17.149697019932,FREE
159,17.26606036098,FREE
160,17.281993496592,FREE
161,17.303441696107,FREE
162,17.472517146972,FREE
163,17.479881459784,FREE
164,17.488085753633,FREE
165,17.493981819864,FREE
166,17.570584612718,FREE
167,17.63562272997,FREE
168,17.709041225476,FREE
169,17.891427568174,FREE
170,18.010667319514,FREE
171,18.092591796861,FREE
172,18.19460544054,FREE
173,18.212283218675,FREE
174,18.299437797522,FREE
175,18.351150083994,FREE
176,18.499052842982,FREE
177,18.745292818442,FREE
178,18.846449241001,FREE
179,18.851411793567,FREE
180,18.875103814797,FREE
181,18.896940114972,FREE
182,18.904380871261,FREE
183,19.166011259359,FREE
184,19.349486169584,FREE
185,19.789561706718,FREE
186,19.789901471666,FREE
187,19.866374583452,FREE
188,19.886645463665,FREE
189,19.892778362761,FREE
190,20.001631370121,FREE
191,20.103222949926998,FREE
192,20.324884762581,FREE
193,20.420505099174,FREE
194,20.433397595347998,FREE
195,20.591946027513,FREE
196,20.761017195045998,FREE
197,20.85330377998,FREE
198,20.951150826393,FREE
199,20.98597214113,FREE
200,21.013628118105,FREE
201,21.043724122186,FREE
202,21.226233591842,FREE
203,21.276973680669,FREE
204,21.383611493179,FREE
205,21.386548003757998,FREE
206,21.490159643324,FREE
207,21.817867130771,FREE
208,22.077118448937,FREE
209,22.251135966951,FREE
210,22.294509679289,FREE
211,22.450142198942,FREE
212,22.465685398113,FREE
213,22.630246143936,FREE
214,22.666022106942,FREE
215,22.772834550124,FREE
216,22.810029090806,FREE
217,22.85444463478,FREE
218,23.004740837229,FREE
219,23.088591610378,FREE
220,23.155301516491,FREE
221,23.246281007346,FREE
222,23.464356844603998,FREE
223,23.585891349437,FREE
224,23.793013567902,FREE
225,23.818309957663,FREE
226,23.840443345616,FREE
227,23.955587083422,FREE
228,24.14809452088,FREE
229,24.204761166057,FREE
230,24.349429542383998,FREE
231,24.403607930807,FREE
232,24.525360082614,FREE
233,24.593293447436,FREE
234,24.845248832431,FREE
235,25.070749755496,FREE
236,25.163810404520998,FREE
237,25.370382562417998,FREE
238,25.384754110734,FREE
239,25.417764379399,FREE
240,25.720814231985,FREE
241,25.822568492296,FREE
242,25.995062315134,FREE
243,26.086114377309,FREE
244,26.158171680325,FREE
245,26.248272327204,FREE
246,26.304290507653,FREE
247,26.320557661679,FREE
248,26.367650502899,FREE
249,26.380403585954,FREE
250,26.555375605334998,FREE
251,26.754240709780998,FREE
252,26.823675729808,FREE
253,26.938373783044,FREE
254,27.058962701789,FREE
255,27.227641926245,FREE
256,27.233882573318,FREE
257,27.257756020159,FREE
258,27.301627117553,FREE
259,27.321513074151998,FREE
260,27.357505248924,FREE
261,27.565891873866,FREE
262,27.575942612542,FREE
263,27.620475992091,FREE
264,27.714220250078,FREE
265,27.952189912691,FREE
266,27.976564898894,FREE
267,28.081018537265,FREE
268,28.357424492916998,FREE
269,28.513839974911,FREE
270,28.642529228165998,FREE
271,28.682909424835,FREE
272,29.043008947755,FREE
273,29.131673453579,FREE
274,29.197927792331,FREE
275,29.224778129207998,FREE
276,29.258011363104,FREE
277,29.391196462114,FREE
278,29.524001999284998,FREE
279,29.53324627541,FREE
280,29.640614396213998,FREE
281,29.658898388375,FREE
282,29.661203499147,FREE
283,29.769696596678,FREE
284,30.108621321961,FREE
285,30.133715272724,FREE
286,30.223648612239998,FREE
287,30.249021167336,FREE
288,30.260975139494,FREE
289,30.274307302475,FREE
290,30.444222242758,FREE
291,30.470145243558,FREE
292,30.554511940452,FREE
293,30.639336994575,FREE
294,30.689231463285,FREE
295,30.724097610346,FREE
296,30.734437374177,FREE
297,30.805317097505,FREE
298,30.813474363386998,FREE
299,30.996814587287,FREE
300,31.072813477405,FREE
301,31.19731395007,FREE
302,31.256283062380998,FREE
303,31.343033957200998,FREE
304,31.52970779079,FREE
305,31.575714314316,FREE
306,31.708969705996,FREE
307,31.710891982506,FREE
308,31.806716375131998,FREE
309,31.937196445578998,FREE
310,32.055266014144,FREE
311,32.128819388715,FREE
312,32.139046284622,FREE
313,32.177282048562,FREE
314,32.211278134418,FREE
315,32.236203443257,FREE
316,32.446727089231,FREE
317,32.632307559193,FREE
318,32.745767050379,FREE
319,32.777178803565,FREE
320,32.792392910993,FREE
321,32.958782213462,FREE
322,33.127722545229,FREE
323,33.18143466916,FREE
324,33.385994424734,FREE
325,33.400382201245,FREE
326,33.430995402972,FREE
327,33.505327393638,FREE
328,33.728096943046,FREE
329,33.730029179314,FREE
330,33.760490148738,FREE
331,33.764343621335,FREE
332,33.95181916399,FREE
333,34.096567924591,FREE
334,34.304778034163,FREE
335,34.338545700859,FREE
336,34.340549890888,FREE
337,34.554084132884,FREE
338,34.572799299044,FREE
339,34.786021632027996,FREE
340,34.910406627252,FREE
341,34.941073988533,FREE
342,35.08022829981,FREE
343,35.203875707601,FREE
344,35.484803836,FREE
345,35.490301905544996,FREE
346,35.654439694512,FREE
347,35.757100197368,FREE
348,35.898060529594,FREE
349,35.949254752607,FREE
350,36.169372100675,FREE
351,36.230409266607,FREE
352,36.461785991369,FREE
353,36.467002910052,FREE
354,36.690758487283,FREE
355,36.70366732096,FREE
356,36.780017474865,FREE
357,36.806833257747,FREE
358,36.888250928392,FREE
359,37.007412408917,FREE
360,37.236770952095,FREE
361,37.387295429622,FREE
362,37.541154468541,FREE
363,37.549243077492996,FREE
364,37.603551651016,FREE
365,37.624330937698,FREE
366,37.70243821093,FREE
367,37.773029821422,FREE
368,37.901811268704996,FREE
369,38.050892744171,FREE
370,38.110857197095,FREE
371,38.184992928579,FREE
372,38.186049149685,FREE
373,38.278571531721,FREE
374,38.324698795638,FREE
375,38.364824943064,FREE
376,38.514313828545,FREE
377,38.586973656769,FREE
378,38.67717591156,FREE
379,38.790068717488,FREE
380,38.953194266123,FREE
381,39.117034378637996,FREE
382,39.204133470871,FREE
383,39.279290790592,FREE
384,39.324725898771,FREE
385,39.33288272837,FREE
386,39.409371100612,FREE
387,39.765171847938,FREE
388,39.923046608245,FREE
389,40.032095456911,FREE
390,40.044619985585996,FREE
391,40.314622646271,FREE
392,40.340340700228,FREE
393,40.359187077048,FREE
394,40.397018706625,FREE
395,40.702865758263,FREE
396,40.720408945586996,FREE
397,40.945563321677,FREE
398,40.961854772285,FREE
399,40.993623786106,FREE
400,41.345685028723,FREE
401,41.361380197319,FREE
402,41.588453261914,FREE
403,41.626521059969,FREE
404,41.7419251249,FREE
405,41.858728749068,FREE
406,41.883531724195,FREE
407,41.892070560849,FREE
408,41.906369876909,FREE
409,41.988158178618,FREE
410,42.147976381928,FREE
411,42.279599607011,FREE
412,42.318134048387996,FREE
413,42.352468253859,FREE
414,42.524314536556,FREE
415,42.830869967137,FREE
416,43.082710670200996,FREE
417,43.085416860773,FREE
418,43.114800756358,FREE
419,43.147054870647,FREE
420,43.192071651740996,FREE
421,43.228420360642,FREE
422,43.234019545075,FREE
423,43.254434169252,FREE
424,43.622816180252,FREE
425,43.789945074375,FREE
426,44.049202323692,FREE
427,44.095339172375,FREE
428,44.108931228159996,FREE
429,44.184368486405,FREE
430,44.269376473366,FREE
431,44.347806218285996,FREE
432,44.359211622372,FREE
433,44.551555800374,FREE
434,44.66018566071,FREE
435,44.9539445302,FREE
436,44.973376903086,FREE
437,45.08587749025,FREE
438,45.154879852945,FREE
439,45.489541967373,FREE
440,45.525285506913,FREE
441,45.632464508826,FREE
442,45.649492491455,FREE
443,45.820268648802,FREE
444,45.83202704616,FREE
445,45.838018895133,FREE
446,45.95020667188,FREE
447,46.083967827462,FREE
448,46.210181830014996,FREE
449,46.294306810609996,FREE
450,46.343162220764,FREE
451,46.393960325505,FREE
452,46.446287752831,FREE
453,46.637416474629,FREE
454,46.717462467858,FREE
455,46.804503189129,FREE
456,46.808208744326,FREE
457,46.811308459431,FREE
458,47.03304213781,FREE
459,47.054839667014996,FREE
460,47.16100478617,FREE
461,47.168837703708,FREE
462,47.442004359366,FREE
463,47.541724821165,FREE
464,47.816736353632,FREE
465,48.018668061279,FREE
466,48.043913866325,FREE
467,48.054026391408,FREE
468,48.194517559938,FREE
469,48.32344745769,FREE
470,48.462197478019,FREE
471,48.517757374167,FREE
472,48.711527435761,FREE
473,48.853326719905,FREE
474,48.992309011257,FREE
475,49.011568755595,FREE
476,49.046217038011,FREE
477,49.126817687921,FREE
478,49.131781279052,FREE
479,49.36558490195,FREE
480,49.512285639459,FREE
481,49.556801850225,FREE
482,49.617373554039,FREE
483,49.795675692147,FREE
484,49.933768782875,FREE
485,49.998907897674,FREE
486,50.000432131215,FREE
487,50.304998044483,FREE
488,50.335874326073,FREE
489,50.350593975525,FREE
490,50.352801179195,FREE
491,50.401493526435,FREE
492,50.614129315237996,FREE
493,50.658010045363,FREE
494,50.793395133773,FREE
495,50.823358112864,FREE
496,50.900191397663995,FREE
497,50.939821624956,FREE
498,50.982438538493,FREE
499,51.198952936873,FREE
500,51.447367359333,FREE
501,51.511066851898,FREE
502,51.537845302537995,FREE
503,51.758578443985996,FREE
504,51.816585359559,FREE
505,51.829705797971,FREE
506,52.098971378776,FREE
507,52.204817525123,FREE
508,52.291011939776,FREE
509,52.316252306596,FREE
510,52.391534829781,FREE
511,52.451604697571,FREE
512,52.7253154322,FREE
513,52.731072137681,FREE
514,52.800977087332996,FREE
515,52.822937039013,FREE
516,52.943785970316,FREE
517,52.960230910502,FREE
518,53.034795819402,FREE
519,53.063365567863,FREE
520,53.306442338311,FREE
521,53.317327986932,FREE
522,53.342330933980996,FREE
523,53.349345655754,FREE
524,53.405793473193,FREE
525,53.461807610518,FREE
526,53.611122444521996,FREE
527,53.647400244031,FREE
528,53.664158980168,FREE
529,53.733452343018996,FREE
530,53.837602995862,FREE
531,53.908557144814,FREE
532,54.100981897410996,FREE
533,54.234134361979,FREE
534,54.307301061918,FREE
535,54.323825654273996,FREE
536,54.415711554674,FREE
537,54.486184874651,FREE
538,54.661159496888,FREE
539,54.677839834893,FREE
540,54.81092977604,FREE
541,54.853046557795,FREE
542,54.860212393801,FREE
543,55.257178941084,FREE
544,55.428163243956,FREE
545,55.549915475434,FREE
546,55.562589272281,FREE
547,55.733403362581,FREE
548,55.780961358462,FREE
549,55.909440045744,FREE
550,56.13544057902,FREE
551,56.256590845941,FREE
552,56.336163214755,FREE
553,56.517402549948,FREE
554,56.57765617235,FREE
555,56.598407164762996,FREE
556,56.614957379501,FREE
557,56.741125360553,FREE
558,56.816923650387,FREE
559,56.968514960783,FREE
560,56.976191955242,FREE
561,57.055152982639,FREE
562,57.163929371613,FREE
563,57.231959244255,FREE
564,57.290451857135,FREE
565,57.352323163663996,FREE
566,57.432869268077,FREE
567,57.480231930622,FREE
568,57.547585902693996,FREE
569,57.558654654281,FREE
570,57.586333569273,FREE
571,57.597298155165,FREE
572,57.827891077558,FREE
573,57.948431841053996,FREE
574,58.041629361529,FREE
575,58.14393297608,FREE
576,58.233619863998996,FREE
577,58.263437480347996,FREE
578,58.310730729691,FREE
579,58.327584492652996,FREE
580,58.358489996246,FREE
581,58.380473529117,FREE
582,58.55449248721,FREE
583,58.931335073812996,FREE
584,58.933067276182996,FREE
585,59.209598975728,FREE
586,59.230685349991,FREE
587,59.306381828702996,FREE
588,59.342919580721,FREE
589,59.351649848489,FREE
590,59.437736415267,FREE
591,59.594011641076996,FREE
592,59.765498066148,FREE
593,59.767630409652,FREE
594,60.024219537695,FREE
595,60.141329604587,FREE
596,60.317846917221,FREE
597,60.332483740341,FREE
598,60.583475279172,FREE
599,60.700322008541,FREE
600,60.79954899248,FREE
601,60.805597143191996,FREE
602,60.906537648162,FREE
603,60.956153785594,FREE
604,60.980732595685,FREE
605,60.986114610643,FREE
606,61.035995311254,FREE
607,61.070475106771,FREE
608,61.104989165523,FREE
609,61.239936949425996,FREE
610,61.381921343057,FREE
611,61.493760025581,FREE
612,61.516509843632,FREE
613,61.640843759615,FREE
614,61.717677450645,FREE
615,61.749044111646,FREE
616,62.041160408375,FREE
617,62.127398861173,FREE
618,62.17219901146,FREE
619,62.469810873575,FREE
620,62.479220733472,FREE
621,62.698356954504,FREE
622,62.711648753097,FREE
623,62.761440723391,FREE
624,62.871175483444,FREE
625,63.128839320773,FREE
626,63.175460508202995,FREE
627,63.189878746125,FREE
628,63.381737569064,FREE
629,63.445645276422,FREE
630,63.708591376262,FREE
631,63.833906659181,FREE
632,63.844341509458,FREE
633,63.896304078129,FREE
634,64.018835324913,FREE
635,64.057653632848,FREE
636,64.074595882163,FREE
637,64.224538434401,FREE
638,64.35715622872,FREE
639,64.436632279762,FREE
640,64.548374577532,FREE
641,64.630915038054,FREE
642,64.704640771832,FREE
643,64.715929623203,FREE
644,64.812293601885,FREE
645,64.900109186244,FREE
646,64.94009244114599,FREE
647,64.99164450277699,FREE
648,65.03258890333,FREE
649,65.19230172854999,FREE
650,65.329537093177,FREE
651,65.403054729553,FREE
652,65.649851416041,FREE
653,65.733644465624,FREE
654,65.77650479717799,FREE
655,65.80733155241,FREE
656,65.84449854832499,FREE
657,65.969691476185,FREE
658,65.9859368573,FREE
659,66.05507829587499,FREE
660,66.070049205865,FREE
661,66.22001130095799,FREE
662,66.337482837762,FREE
663,66.374354919018,FREE
664,66.415150599402,FREE
665,66.747226887545,FREE
666,66.780185680142,FREE
667,66.838341646861,FREE
668,66.866813230815,FREE
669,66.900176401382,FREE
670,67.112740767926,FREE
671,67.132575436321,FREE
672,67.259689761012,FREE
673,67.417416574282,FREE
674,67.546643286002,FREE
675,67.552799450379,FREE
676,67.59040594905599,FREE
677,67.665433009179,FREE
678,67.706827835113,FREE
679,67.872919301014,FREE
680,68.111830539046,FREE
681,68.236180089554,FREE
682,68.29741823572,FREE
683,68.422186570602,FREE
684,68.555210880962,FREE
685,68.75706719483,FREE
686,69.007305634924,FREE
687,69.05529255133,FREE
688,69.09596207855999,FREE
689,69.440850890156,FREE
690,69.454581461936,FREE
691,69.579209905791,FREE
692,69.68204681416,FREE
693,69.696108673382,FREE
694,69.77320556564099,FREE
695,69.796626224173,FREE
696,69.798518704631,FREE
697,70.03313098914,FREE
698,70.117119525981,FREE
699,70.12642171613,FREE
700,70.129397707936,FREE
701,70.238089985852,FREE
702,70.586150483381,FREE
703,70.59558184129399,FREE
704,70.610948716886,FREE
705,70.868096664958,FREE
706,70.941104951786,FREE
707,71.032650475017,FREE
708,71.185271513762,FREE
709,71.22957231495,FREE
710,71.451120091641,FREE
711,71.478078789363,FREE
712,71.654586853861,FREE
713,71.698001034116,FREE
714,71.82184937914799,FREE
715,71.926672530104,FREE
716,72.00821866832,FREE
717,72.023253500489,FREE
718,72.049343442062,FREE
719,72.069505596057,FREE
720,72.087944067595,FREE
721,72.090890103402,FREE
722,72.229404961428,FREE
723,72.231497251282,FREE
724,72.44209089429,FREE
725,72.550235046739,FREE
726,72.625544639002,FREE
727,72.744160344659,FREE
728,72.772916058376,FREE
729,73.056007839884,FREE
730,73.102243592505,FREE
731,73.28518303735599,FREE
732,73.349050850448,FREE
733,73.405664864104,FREE
734,73.455832240363,FREE
735,73.729744679468,FREE
736,73.804485749407,FREE
737,73.904448972341,FREE
738,74.182947175954,FREE
739,74.235094586355,FREE
740,74.25314328630199,FREE
741,74.59812079752,FREE
742,74.603776341234,FREE
743,74.658246130925,FREE
744,74.664711580918,FREE
745,74.829298642271,FREE
746,74.922936926178,FREE
747,75.10317697207,FREE
748,75.143925391618,FREE
749,75.177162565868,FREE
750,75.529064482578,FREE
751,75.830648917947,FREE
752,75.895907266548,FREE
753,75.913560773966,FREE
754,75.95621551454,FREE
755,76.049484960789,FREE
756,76.063613395237,FREE
757,76.101265062506,FREE
758,76.16939551796399,FREE
759,76.229094963534,FREE
760,76.377989973463,FREE
761,76.749765345715,FREE
762,76.753977802179,FREE
763,76.870658736783,FREE
764,76.999776516234,FREE
765,77.032203859898,FREE
766,77.05698594558599,FREE
767,77.107382241862,FREE
768,77.122484271598,FREE
769,77.340566253261,FREE
770,77.510270313801,FREE
771,77.534221636518,FREE
772,77.535753952292,FREE
773,77.741448517207,FREE
774,77.774603894626,FREE
775,77.853578400769,FREE
776,78.015181489886,FREE
777,78.09252947414,FREE
778,78.312757216009,FREE
779,78.346537371117,FREE
780,78.475999170986,FREE
781,78.50370579446499,FREE
782,78.525134956007,FREE
783,78.882144916179,FREE
784,78.908833029789,FREE
785,78.994674714274,FREE
786,79.064267766657,FREE
787,79.150327292055,FREE
788,79.358824281532,FREE
789,79.39425698034199,FREE
790,79.58619672019,FREE
791,79.660498639271,FREE
792,79.790635597917,FREE
793,79.792459936995,FREE
794,79.809467247282,FREE
795,79.835387793114,FREE
796,80.14068278286899,FREE
797,80.368285916495,FREE
798,80.511160553732,FREE
799,80.523418510348,FREE
800,80.534355853731,FREE
801,80.739320475274,FREE
802,80.95949848387,FREE
803,81.114706600392,FREE
804,81.125053950173,FREE
805,81.281346816239,FREE
806,81.330314729126,FREE
807,81.551591519422,FREE
808,81.676994176358,FREE
809,81.910376540754,FREE
810,81.96458453376,FREE
811,81.97570667766699,FREE
812,82.196171331714,FREE
813,82.234749970681,FREE
814,82.442393134383,FREE
815,82.51582344052599,FREE
816,82.561567747383,FREE
817,82.700566370319,FREE
818,82.740186390088,FREE
819,82.85665392299799,FREE
820,83.00489996977,FREE
821,83.189608995344,FREE
822,83.201867796687,FREE
823,83.539968841057,FREE
824,83.656187210878,FREE
825,83.736711514325,FREE
826,83.739503959433,FREE
827,83.801179686708,FREE
828,83.89846775819599,FREE
829,84.04110389474499,FREE
830,84.206985314355,FREE
831,84.511885477969,FREE
832,84.599390161377,FREE
833,84.625698386107,FREE
834,84.67489058240899,FREE
835,84.70344254525,FREE
836,84.746136994391,FREE
837,84.754952373251,FREE
838,84.81507703906699,FREE
839,85.129508634724,FREE
840,85.20539833345799,FREE
841,85.220596969454,FREE
842,85.234626029445,FREE
843,85.53790076612,FREE
844,85.547775247801,FREE
845,85.680387511936,FREE
846,85.849018157189,FREE
847,86.04110039243,FREE
848,86.077389532158,FREE
849,86.140233707098,FREE
850,86.179432105215,FREE
851,86.180052244637,FREE
852,86.215386991717,FREE
853,86.352177479521,FREE
854,86.52238291289,FREE
855,86.694768045459,FREE
856,86.698720500447,FREE
857,87.005058427257,FREE
858,87.07055236208,FREE
859,87.162667053808,FREE
860,87.198165150488,FREE
861,87.21933790179,FREE
862,87.301259383626,FREE
863,87.627035049307,FREE
864,87.779765505024,FREE
865,87.855741824543,FREE
866,88.042134211057,FREE
867,88.105290010665,FREE
868,88.275077380086,FREE
869,88.28157683056399,FREE
870,88.297814970603,FREE
871,88.413922505937,FREE
872,88.421256055635,FREE
873,88.428762520178,FREE
874,88.45322551894199,FREE
875,88.514452162776,FREE
876,88.53813719752999,FREE
877,88.603559208479,FREE
878,88.831063797762,FREE
879,89.11995807530799,FREE
880,89.222041849677,FREE
881,89.250927152513,FREE
882,89.337729742701,FREE
883,89.404225016654,FREE
884,89.51881827861399,FREE
885,89.675597264509,FREE
886,89.782961158625,FREE
887,89.930919800734,FREE
888,89.942269831882,FREE
889,90.078854652088,FREE
890,90.113852107382,FREE
891,90.368524702862,FREE
892,90.441804723922,FREE
893,90.469593749268,FREE
894,90.539155737522,FREE
895,90.658629554558,FREE
896,90.715992496352,FREE
897,90.881876683347,FREE
898,91.08020321626199,FREE
899,91.156634596037,FREE
900,91.172270028274,FREE
901,91.236016365129,FREE
902,91.331316592008,FREE
903,91.496476091408,FREE
904,91.721006435272,FREE
905,91.768333589374,FREE
906,91.842402941449,FREE
907,91.88893002534199,FREE
908,91.924312506229,FREE
909,92.109147803679,FREE
910,92.555151094949,FREE
911,92.588021287253,FREE
912,92.722633549891,FREE
913,92.76048485592,FREE
914,92.777769125752,FREE
915,92.916396652648,FREE
916,92.922389664761,FREE
917,92.92661510545099,FREE
918,92.931517628647,FREE
919,93.153918522535,FREE
920,93.233699402627,FREE
921,93.27725883784,FREE
922,93.337743199773,FREE
923,93.364393738929,FREE
924,93.380390550379,FREE
925,93.737609459127,FREE
926,93.93855953164,FREE
927,93.941598489047,FREE
928,94.006265318057,FREE
929,94.066740008229,FREE
930,94.160159112317,FREE
931,94.41607387163799,FREE
932,94.476202791996,FREE
933,94.51596973539,FREE
934,94.590261634013,FREE
935,94.601497693953,FREE
936,94.703240515828,FREE
937,94.7371181452,FREE
938,94.895400734045,FREE
939,95.142716037966,FREE
940,95.15208987859499,FREE
941,95.177343282833,FREE
942,95.194264138181,FREE
943,95.216278125062,FREE
944,95.402725407734,FREE
945,95.549445162053,FREE
946,95.56518947449099,FREE
947,95.721128520289,FREE
948,95.748274670779,FREE
949,95.797141081623,FREE
950,96.125938809257,FREE
951,96.277296963147,FREE
952,96.35865864541199,FREE
953,96.378822831514,FREE
954,96.483193426483,FREE
955,96.641245342282,FREE
956,96.651467980309,FREE
957,96.882881781197,FREE
958,96.91085137648099,FREE
959,97.195751063939,FREE
960,97.221982797434,FREE
961,97.312449435478,FREE
962,97.536632986003,FREE
963,97.607214086179,FREE
964,97.788710267692,FREE
965,97.84728599334,FREE
966,97.997512283014,FREE
967,98.195704585328,FREE
968,98.42682779230199,FREE
969,98.481367232571,FREE
970,98.581136842138,FREE
971,98.665281183118,FREE
972,98.79823512072,FREE
973,98.976987170541,FREE
974,99.387965234214,FREE
975,99.421103914557,FREE
976,99.528243794798,FREE
977,99.535638486295,FREE
978,99.76825268986799,FREE
979,99.937764334919,FREE
980,99.96156398117,FREE
981,100.217074057527,FREE
982,100.26517942615,FREE
983,100.418924394404,FREE
984,100.468404140124,FREE
985,100.73669090132,FREE
986,100.755630360722,FREE
987,100.78287771805199,FREE
988,100.901530239824,FREE
989,101.079193281389,FREE
990,101.094265509774,FREE
991,101.137028578329,FREE
992,101.218842628001,FREE
993,101.449848967034,FREE
994,101.542077888793,FREE
995,101.69424247708,FREE
996,101.84506306075299,FREE
997,101.893845923287,FREE
998,102.135358172842,FREE
999,102.260990207702,FREE
1000,102.31401932969099,FREE
1001,102.37487139776499,FREE
1002,102.559713516801,FREE
1003,102.787161714587,FREE
1004,102.806019548883,FREE
1005,102.904379450175,FREE
1006,103.013369931939,FREE
1007,103.135656013408,FREE
1008,103.203005999676,FREE
1009,103.26412390989499,FREE
1010,103.313005804309,FREE
1011,103.417331648079,FREE
1012,103.45814061978899,FREE
1013,103.827849892367,FREE
1014,103.839635537702,FREE
1015,103.89494554458899,FREE
1016,104.17984349716,FREE
1017,104.250474413271,FREE
1018,104.335535783375,FREE
1019,104.355772350878,FREE
1020,104.43411670774199,FREE
1021,104.769834326571,FREE
1022,104.819987611288,FREE
1023,104.903694047371,FREE
1024,104.92319375736,FREE
1025,105.231366648522,FREE
1026,105.3109195978,FREE
1027,105.32281134696599,FREE
1028,105.348118315069,FREE
1029,105.385637620227,FREE
1030,105.45985980017299,FREE
1031,105.853028045731,FREE
1032,105.920816825637,FREE
1033,106.08480838189,FREE
1034,106.1647701551,FREE
1035,106.242981236492,FREE
1036,106.295349491968,FREE
1037,106.405664497817,FREE
1038,106.585417361965,FREE
1039,106.77979760307299,FREE
1040,106.835908771375,FREE
1041,106.84279191115,FREE
1042,106.937978731226,FREE
1043,107.153612981049,FREE
1044,107.170080620229,FREE
1045,107.288298502494,FREE
1046,107.29513571417,FREE
1047,107.444022434933,FREE
1048,107.470345862563,FREE
1049,107.477126102401,FREE
1050,107.56289686037499,FREE
1051,107.56944279644999,FREE
1052,107.60240719635,FREE
1053,107.692840972262,FREE
1054,108.031512550385,FREE
1055,108.185615869804,FREE
1056,108.36659832322,FREE
1057,108.41127605337,FREE
1058,108.424025783141,FREE
1059,108.491551306706,FREE
1060,108.498230277752,FREE
1061,108.575988658119,FREE
1062,108.624038811951,FREE
1063,108.78372499227899,FREE
1064,109.119778590867,FREE
1065,109.140644903726,FREE
1066,109.142691011932,FREE
1067,109.157029570407,FREE
1068,109.398926690909,FREE
1069,109.605412534354,FREE
1070,109.66340817760799,FREE
1071,109.706670660147,FREE
1072,109.741576927539,FREE
1073,109.808534882319,FREE
1074,109.861605805919,FREE
1075,109.936202511521,FREE
1076,109.974750896823,FREE
1077,110.010935937854,FREE
1078,110.038704926102,FREE
1079,110.063129767428,FREE
1080,110.133812408158,FREE
1081,110.270126654904,FREE
1082,110.33540021859899,FREE
1083,110.744959647544,FREE
1084,110.814349730323,FREE
1085,110.89386944982,FREE
1086,110.898784476816,FREE
1087,111.021880148335,FREE
1088,111.084973794042,FREE
1089,111.208500802921,FREE
1090,111.312597333409,FREE
1091,111.829653434116,FREE
1092,111.897605352632,FREE
1093,111.906381983651,FREE
1094,111.97455580959999,FREE
1095,112.01497297077499,FREE
1096,112.049289298085,FREE
1097,112.057306774899,FREE
1098,112.104762086941,FREE
1099,112.141915632666,FREE
1100,112.18266394316299,FREE
1101,112.195068862283,FREE
1102,112.45760021577,FREE
1103,112.514830628624,FREE
1104,112.543462760938,FREE
1105,112.598518781115,FREE
1106,112.618155235903,FREE
1107,112.722435994042,FREE
1108,112.829826843879,FREE
1109,112.858388858551,FREE
1110,113.24181158739,FREE
1111,113.395313904981,FREE
1112,113.449540534476,FREE
1113,113.591276544392,FREE
1114,113.599823674481,FREE
1115,113.708259197521,FREE
1116,114.064815726504,FREE
1117,114.088900043404,FREE
1118,114.153130473624,FREE
1119,114.266094528391,FREE
1120,114.299772412765,FREE
1121,114.500485114084,FREE
1122,114.63890328989599,FREE
1123,114.784112115369,FREE
1124,114.843374671775,FREE
1125,114.917330697072,FREE
1126,115.060683383645,FREE
1127,115.218772390919,FREE
1128,115.221391933785,FREE
1129,115.23956732117,FREE
1130,115.352552534344,FREE
1131,115.483346872071,FREE
1132,115.535318196158,FREE
1133,115.735778005014,FREE
1134,115.742937144227,FREE
1135,115.744729469257,FREE
1136,115.75446003703,FREE
1137,115.991396879794,FREE
1138,116.049344774445,FREE
1139,116.307046067908,FREE
1140,116.311863252246,FREE
1141,116.323264177257,FREE
1142,116.494523861415,FREE
1143,116.500178925465,FREE
1144,116.58585256175199,FREE
1145,116.714295689681,FREE
1146,116.71596803742099,FREE
1147,116.895896856116,FREE
1148,117.14415554737799,FREE
1149,117.179098397239,FREE
1150,117.277671262241,FREE
1151,117.352818892441,FREE
1152,117.510027936707,FREE
1153,117.553996388385,FREE
1154,117.658287863624,FREE
1155,117.664319169366,FREE
1156,117.871877806366,FREE
1157,117.891392890891,FREE
1158,118.063191428628,FREE
1159,118.23706136255599,FREE
1160,118.301977892377,FREE
1161,118.447153476024,FREE
1162,118.598381574147,FREE
1163,118.652388088758,FREE
1164,118.946577488863,FREE
1165,118.984936721354,FREE
1166,119.165123319093,FREE
1167,119.259039136563,FREE
1168,119.355734885274,FREE
1169,119.448796084083,FREE
1170,119.474613690019,FREE
1171,119.64476825178299,FREE
1172,119.893312321647,FREE
1173,119.97946369718,FREE
1174,120.00254858405,FREE
1175,120.229535522533,FREE
1176,120.341199857854,FREE
1177,120.59555053174,FREE
1178,120.650043795095,FREE
1179,120.684642905064,FREE
1180,120.68631526342699,FREE
1181,120.717687384055,FREE
1182,120.837935516601,FREE
1183,120.91723117492499,FREE
1184,120.930597195988,FREE
1185,121.02095215736,FREE
1186,121.100711758734,FREE
1187,121.115281249972,FREE
1188,121.253667601123,FREE
1189,121.270315566538,FREE
1190,121.319533095339,FREE
1191,121.473245920164,FREE
1192,121.846754198661,FREE
1193,121.970161779216,FREE
1194,122.004297039065,FREE
1195,122.10430671062599,FREE
1196,122.298427556237,FREE
1197,122.502103175006,FREE
1198,122.596397924447,FREE
1199,122.754443312164,FREE
1200,122.860607253445,FREE
1201,122.87773529809,FREE
1202,122.926490247554,FREE
1203,123.260310344644,FREE
1204,123.284885448799,FREE
1205,123.482022912661,FREE
1206,123.520237331687,FREE
1207,123.57889400277399,FREE
1208,123.630733863811,FREE
1209,123.847826307706,FREE
1210,123.937761196747,FREE
1211,123.98141555552199,FREE
1212,124.021093909237,FREE
1213,124.05298792756,FREE
1214,124.283326417761,FREE
1215,124.286132959093,FREE
1216,124.412637463206,FREE
1217,124.508956893071,FREE
1218,124.818126724481,FREE
1219,124.864659732042,FREE
1220,124.94956013307299,FREE
1221,125.005588199054,FREE
1222,125.20329990502,FREE
1223,125.476348281614,FREE
1224,125.55508814279,FREE
1225,125.580987020209,FREE
1226,125.7133159149,FREE
1227,125.796033844327,FREE
1228,125.90516106807699,FREE
1229,126.118308349368,FREE
1230,126.254683977859,FREE
1231,126.263612964594,FREE
1232,126.288879041881,FREE
1233,126.3566897021,FREE
1234,126.362361691996,FREE
1235,126.522836086407,FREE
1236,126.750354038429,FREE
1237,126.872917342002,FREE
1238,126.93938268942,FREE
1239,126.961875432984,FREE
1240,127.201621560801,FREE
1241,127.348862021921,FREE
1242,127.515969554072,FREE
1243,127.613198575497,FREE
1244,127.628555164747,FREE
1245,127.930395912272,FREE
1246,128.044083354902,FREE
1247,128.11973005212099,FREE
1248,128.383125288364,FREE
1249,128.395760235676,FREE
1250,128.433297100001,FREE
1251,128.626319871215,FREE
1252,128.63938104515898,FREE
1253,128.922640641831,FREE
1254,128.960737837922,FREE
1255,128.987575182655,FREE
1256,129.027195520979,FREE
1257,129.118659294167,FREE
1258,129.238823367503,FREE
1259,129.265818266912,FREE
1260,129.365067938126,FREE
1261,129.452189076563,FREE
1262,129.69660375444099,FREE
1263,129.813144142194,FREE
1264,129.957084477592,FREE
1265,130.026603184172,FREE
1266,130.16528405294,FREE
1267,130.216665190284,FREE
1268,130.289864720045,FREE
1269,130.388789027055,FREE
1270,130.640214641148,FREE
1271,130.805584394852,FREE
1272,130.807376814537,FREE
1273,130.818487448711,FREE
1274,130.868184976154,FREE
1275,131.050264628494,FREE
1276,131.053950974397,FREE
1277,131.130476859658,FREE
1278,131.269207279352,FREE
1279,131.533732518548,FREE
1280,131.541985365285,FREE
1281,131.750376026591,FREE
1282,131.867929491453,FREE
1283,131.991059623542,FREE
1284,132.073810046379,FREE
1285,132.228298411189,FREE
1286,132.471033142812,FREE
1287,132.48640888401,FREE
1288,132.614749870519,FREE
1289,132.623335206762,FREE
1290,132.729249313546,FREE
1291,132.948500126892,FREE
1292,133.111614707142,FREE
1293,133.253720207726,FREE
1294,133.332006621588,FREE
1295,133.424084790884,FREE
1296,133.494464786371,FREE
1297,133.559801214823,FREE
1298,133.573625090473,FREE
1299,133.665284628766,FREE
1300,133.929696254065,FREE
1301,134.032577950722,FREE
1302,134.184367722747,FREE
1303,134.261737722953,FREE
1304,134.311855347856,FREE
1305,134.323021322317,FREE
1306,134.345993898372,FREE
1307,134.403699031755,FREE
1308,134.4536934517,FREE
1309,134.687915120784,FREE
1310,134.783220877308,FREE
1311,134.883203552475,FREE
1312,134.911897517101,FREE
1313,135.046599532621,FREE
1314,135.075046517879,FREE
1315,135.141662107519,FREE
1316,135.188009828752,FREE
1317,135.281136236528,FREE
1318,135.335963097043,FREE
1319,135.357268870247,FREE
1320,135.39624111779,FREE
1321,135.480433063466,FREE
1322,135.91997979594,FREE
1323,135.983310684954,FREE
1324,136.07326957879098,FREE
1325,136.14126927111099,FREE
1326,136.275742026146,FREE
1327,136.399625551617,FREE
1328,136.461829572934,FREE
1329,136.47597811421699,FREE
1330,136.589743268979,FREE
1331,136.671758234734,FREE
1332,136.738088026991,FREE
1333,136.820653408683,FREE
1334,136.934370572036,FREE
1335,136.973741543476,FREE
1336,137.007012247147,FREE
1337,137.263693042595,FREE
1338,137.273425596982,FREE
1339,137.293215812357,FREE
1340,137.388679903184,FREE
1341,137.49810913102598,FREE
1342,137.697294003058,FREE
1343,137.839272387328,FREE
1344,137.972407846438,FREE
1345,137.997653739573,FREE
1346,138.156229442562,FREE
1347,138.212683250333,FREE
1348,138.280401019038,FREE
1349,138.489375908394,FREE
1350,138.644471000808,FREE
1351,138.703393598326,FREE
1352,138.75810263470999,FREE
1353,138.914502639083,FREE
1354,138.919609711478,FREE
1355,139.20482804779,FREE
1356,139.375765539317,FREE
1357,139.461997930182,FREE
1358,139.525322859696,FREE
1359,139.70767496535998,FREE
1360,139.75924802516,FREE
1361,140.162036651226,FREE
1362,140.181713230695,FREE
1363,140.292483875593,FREE
1364,140.301218113875,FREE
1365,140.305564356195,FREE
1366,140.848289336254,FREE
1367,140.862845633866,FREE
1368,140.952233367163,FREE
1369,141.035429046041,FREE
1370,141.041779614887,FREE
1371,141.197221404703,FREE
1372,141.20713051036,FREE
1373,141.219758008877,FREE
1374,141.288550893824,FREE
1375,141.312736114873,FREE
1376,141.46119868643,FREE
1377,141.589077415528,FREE
1378,141.971381027219,FREE
1379,142.021094902578,FREE
1380,142.196433116812,FREE
1381,142.19836538367198,FREE
1382,142.28953341737198,FREE
1383,142.366063225793,FREE
1384,142.48364698804,FREE
1385,142.59207734645798,FREE
1386,142.60042297008098,FREE
1387,142.725523096461,FREE
1388,142.805219013425,FREE
1389,142.940409045634,FREE
1390,142.955356741258,FREE
1391,143.153217804328,FREE
1392,143.1575085865,FREE
1393,143.314261551958,FREE
1394,143.402539391683,FREE
1395,143.470272420729,FREE
1396,143.505845974384,FREE
1397,143.602019795703,FREE
1398,143.727467308823,FREE
1399,143.946155045912,FREE
1400,143.980265407662,FREE
1401,143.993529214402,FREE
1402,144.024048822065,FREE
1403,144.299205330638,FREE
1404,144.30388002393,FREE
1405,144.418370115259,FREE
1406,144.529186195352,FREE
1407,144.713955615294,FREE
1408,144.720134768121,FREE
1409,144.787458359164,FREE
1410,144.802628647914,FREE
1411,144.98304399777,FREE
1412,145.097965204038,FREE
1413,145.175209762566,FREE
1414,145.605893253847,FREE
1415,145.677339172727,FREE
1416,145.773418462059,FREE
1417,145.780160180985,FREE
1418,145.826402012685,FREE
1419,145.843715339629,FREE
1420,145.888749824298,FREE
1421,145.89056479244,FREE
1422,146.083656820445,FREE
1423,146.106723993365,FREE
1424,146.29284094252,FREE
1425,146.30033056218,FREE
1426,146.322704844932,FREE
1427,146.343413622924,FREE
1428,146.528347087476,FREE
1429,146.576378089395,FREE
1430,146.744219228247,FREE
1431,146.901427541789,FREE
1432,147.025557087469,FREE
1433,147.130200749373,FREE
1434,147.193751865331,FREE
1435,147.275018317081,FREE
1436,147.319741301426,FREE
1437,147.44851513835,FREE
1438,147.628701489591,FREE
1439,147.689246591056,FREE
1440,147.918812232639,FREE
1441,148.130447973545,FREE
1442,148.206869651862,FREE
1443,148.272009295525,FREE
1444,148.36460058687499,FREE
1445,148.451818957237,FREE
1446,148.486817582165,FREE
1447,148.56394697103,FREE
1448,148.713764403102,FREE
1449,148.728791634068,FREE
1450,148.836529713676,FREE
1451,149.002100406956,FREE
1452,149.112898271088,FREE
1453,149.185936037593,FREE
1454,149.193679996512,FREE
1455,149.195365842114,FREE
1456,149.332174845973,FREE
1457,149.438980637694,FREE
1458,149.668012567613,FREE
1459,149.830611098472,FREE
1460,149.91378710575,FREE
1461,149.936917385252,FREE
1462,149.978173680873,FREE
1463,150.136744071218,FREE
1464,150.219988487949,FREE
1465,150.2485491713,FREE
1466,150.250663645722,FREE
1467,150.280737052599,FREE
1468,150.367158214389,FREE
1469,150.659072673555,FREE
1470,150.882407349232,FREE
1471,150.893086823138,FREE
1472,150.907672445954,FREE
1473,150.990337092082,FREE
1474,151.008067517646,FREE
1475,151.25661666719,FREE
1476,151.364902703963,FREE
1477,151.406022364313,FREE
1478,151.588647640882,FREE
1479,151.667274401555,FREE
1480,151.763515046861,FREE
1481,151.804247977616,FREE
1482,151.897794309921,FREE
1483,151.910718026056,FREE
1484,152.025366717783,FREE
1485,152.163305761836,FREE
1486,152.254560527761,FREE
1487,152.287342806075,FREE
1488,152.484179005765,FREE
1489,152.59868493694,FREE
1490,152.653526248491,FREE
1491,152.719451313889,FREE
1492,152.762339321773,FREE
1493,152.850733509671,FREE
1494,153.011571960278,FREE
1495,153.148231340374,FREE
1496,153.286802367025,FREE
1497,153.352597992752,FREE
1498,153.392703789932,FREE
1499,153.396764177085,FREE
1500,153.57206100726,FREE
1501,153.594382558643,FREE
1502,153.67964059067398,FREE
1503,153.93832911531499,FREE
1504,153.967341267906,FREE
1505,154.145118532916,FREE
1506,154.438412438688,FREE
1507,154.542952070354,FREE
1508,154.567168179377,FREE
1509,154.650126866727,FREE
1510,154.739146357704,FREE
1511,154.807661256897,FREE
1512,154.912289540318,FREE
1513,154.984715803713,FREE
1514,155.530225248661,FREE
1515,155.63398351307,FREE
1516,155.720391182703,FREE
1517,155.77589107061,FREE
1518,155.789054376286,FREE
1519,155.79362818197,FREE
1520,155.872056161067,FREE
1521,155.988177625238,FREE
1522,156.093483038328,FREE
1523,156.379058286469,FREE
1524,156.542708571027,FREE
1525,156.546537624895,FREE
1526,156.552945514967,FREE
1527,156.724488394233,FREE
1528,156.726420667931,FREE
1529,156.817456711684,FREE
1530,156.846454993157,FREE
1531,156.92338234091,FREE
1532,157.040225177445,FREE
1533,157.105566557731,FREE
1534,157.241703318855,FREE
1535,157.259425768593,FREE
1536,157.364900943513,FREE
1537,157.39902530977,FREE
1538,157.452570520272,FREE
1539,157.74071590449,FREE
1540,157.790640212395,FREE
1541,157.891815984387,FREE
1542,157.97626759454099,FREE
1543,158.150461361967,FREE
1544,158.182111219775,FREE
1545,158.233959085396,FREE
1546,158.753173407331,FREE
1547,158.766544507142,FREE
1548,158.810052440443,FREE
1549,158.931452445019,FREE
1550,159.032705166921,FREE
1551,159.161849712838,FREE
1552,159.204826030081,FREE
1553,159.21293184936098,FREE
1554,159.494484898286,FREE
1555,159.566360917958,FREE
1556,159.71018477527,FREE
1557,159.715808365972,FREE
1558,159.784482194058,FREE
1559,159.809090794233,FREE
1560,159.891626054224,FREE
1561,160.163162739609,FREE
1562,160.274812976458,FREE
1563,160.338034061568,FREE
1564,160.34052496852598,FREE
1565,160.342277223933,FREE
1566,160.696689520978,FREE
1567,160.793906261166,FREE
1568,160.917333071973,FREE
1569,160.93858730429,FREE
1570,160.943014924317,FREE
1571,161.310699570297,FREE
1572,161.436933363553,FREE
1573,161.56533379381,FREE
1574,161.58613942428698,FREE
1575,161.59189741623499,FREE
1576,161.67967909483,FREE
1577,161.79349813413,FREE
1578,161.82419346690799,FREE
1579,162.0483994758,FREE
1580,162.237848819964,FREE
1581,162.495619232938,FREE
1582,162.52551880748499,FREE
1583,162.56324174496,FREE
1584,162.564234154069,FREE
1585,162.613642337754,FREE
1586,162.715473494605,FREE
1587,162.87297646305998,FREE
1588,163.157451239506,FREE
1589,163.383467333177,FREE
1590,163.464925665612,FREE
1591,163.485511157548,FREE
1592,163.486331223317,FREE
1593,163.574886317634,FREE
1594,163.767392826454,FREE
1595,163.775829363708,FREE
1596,163.789101372798,FREE
1597,164.073144847218,FREE
1598,164.190449421882,FREE
1599,164.20414286488798,FREE
1600,164.250284865371,FREE
1601,164.443007305698,FREE
1602,164.47055719792,FREE
1603,164.481002557719,FREE
1604,164.823058729394,FREE
1605,164.912072062287,FREE
1606,164.957466891562,FREE
1607,164.96180692911798,FREE
1608,165.013238334823,FREE
1609,165.016450066591,FREE
1610,165.036636999573,FREE
1611,165.153100029744,FREE
1612,165.154772401824,FREE
1613,165.475481960525,FREE
1614,165.485964519439,FREE
1615,165.493244059995,FREE
1616,165.547008783645,FREE
1617,165.599399363381,FREE
1618,165.67704250637598,FREE
1619,165.68466397635999,FREE
1620,165.73014312035198,FREE
1621,165.907298045381,FREE
1622,166.043580563867,FREE
1623,166.047603906436,FREE
1624,166.11324025480098,FREE
1625,166.164570476269,FREE
1626,166.575479489674,FREE
1627,166.577267927141,FREE
1628,166.600907020649,FREE
1629,166.624282133562,FREE
1630,166.913354494092,FREE
1631,167.108581466177,FREE
1632,167.112056258434,FREE
1633,167.115219377079,FREE
1634,167.175354988507,FREE
1635,167.189975257729,FREE
1636,167.327571323544,FREE
1637,167.436686664023,FREE
1638,167.58018161964299,FREE
1639,167.68963893561,FREE
1640,167.80969449615898,FREE
1641,167.892619078509,FREE
1642,168.068139337903,FREE
1643,168.070381523739,FREE
1644,168.081506028697,FREE
1645,168.090431866491,FREE
1646,168.240567166491,FREE
1647,168.270041525079,FREE
1648,168.273928034871,FREE
1649,168.287218534077,FREE
1650,168.657650604785,FREE
1651,168.68103178104099,FREE
1652,168.744618208149,FREE
1653,169.111686834177,FREE
1654,169.118558689191,FREE
1655,169.191884058024,FREE
1656,169.372886857967,FREE
1657,169.469954398823,FREE
1658,169.614235334801,FREE
1659,169.66148651302498,FREE
1660,169.735849026713,FREE
1661,169.825789084423,FREE
1662,170.091048087314,FREE
1663,170.105050718173,FREE
1664,170.116956623798,FREE
1665,170.471079911114,FREE
1666,170.500258299996,FREE
1667,170.512618711998,FREE
1668,170.675898731387,FREE
1669,170.680402926015,FREE
1670,170.723152225147,FREE
1671,170.741759837722,FREE
1672,170.851291071787,FREE
1673,171.223648774674,FREE
1674,171.263867498497,FREE
1675,171.440679943304,FREE
1676,171.484120277898,FREE
1677,171.492157009272,FREE
1678,171.600200138351,FREE
1679,171.646337755134,FREE
1680,171.78663175903898,FREE
1681,171.835422564712,FREE
1682,172.166714999927,FREE
1683,172.191105086906,FREE
1684,172.255805932499,FREE
1685,172.329929978046,FREE
1686,172.331442266895,FREE
1687,172.379788765659,FREE
1688,172.39034204222,FREE
1689,172.393092284922,FREE
1690,172.718074922944,FREE
1691,172.766665869588,FREE
1692,172.860400703398,FREE
1693,172.904644782128,FREE
1694,173.062383297893,FREE
1695,173.146656751732,FREE
1696,173.214773886943,FREE
1697,173.363746724396,FREE
1698,173.420832625358,FREE
1699,173.455229281382,FREE
1700,173.620258210645,FREE
1701,173.754778850627,FREE
1702,173.859634501949,FREE
1703,173.873637425559,FREE
1704,174.036958963551,FREE
1705,174.120228781305,FREE
1706,174.286362668148,FREE
1707,174.297413428459,FREE
1708,174.444751862277,FREE
1709,174.450863659205,FREE
1710,174.454067921848,FREE
1711,174.53184526383,FREE
1712,174.611386754038,FREE
1713,174.716732033441,FREE
1714,174.73216283291,FREE
1715,174.765964100181,FREE
1716,174.862921732492,FREE
1717,175.017555924271,FREE
1718,175.053769644217,FREE
1719,175.316714757279,FREE
1720,175.448906500416,FREE
1721,175.591520730704,FREE
1722,175.768903090556,FREE
1723,175.818343286724,FREE
1724,175.93788913208599,FREE
1725,175.973355943266,FREE
1726,175.987182684813,FREE
1727,175.99310721134898,FREE
1728,176.083759648811,FREE
1729,176.329001238357,FREE
1730,176.59231170169,FREE
1731,176.72861092641799,FREE
1732,176.806640633332,FREE
1733,176.849472860844,FREE
1734,176.904901212998,FREE
1735,177.160555734609,FREE
1736,177.197869810592,FREE
1737,177.280673869098,FREE
1738,177.398056470463,FREE
1739,177.59158438669098,FREE
1740,177.627226689617,FREE
1741,177.833420855943,FREE
1742,177.934732956685,FREE
1743,178.029594135993,FREE
1744,178.062764277577,FREE
1745,178.294182262744,FREE
1746,178.435239114056,FREE
1747,178.453329274754,FREE
1748,178.478901550329,FREE
1749,178.483032051142,FREE
1750,178.491364849248,FREE
1751,178.778393338385,FREE
1752,178.823751817004,FREE
1753,178.860980570857,FREE
1754,179.158170191062,FREE
1755,179.312166637449,FREE
1756,179.357357081229,FREE
1757,179.413300919905,FREE
1758,179.46665717108598,FREE
1759,179.580340006315,FREE
1760,179.62704212164599,FREE
1761,179.905884626152,FREE
1762,179.919768292831,FREE
